Domain Code,Domain,Area Code (FAO),Area,Element Code,Element,Item Code (FAO),Item,Year Code,Year,Unit,Value
"QCL","Crops and livestock products","2","Afghanistan","5510","Production","515","Apples","2016","2016","tonnes","140903"
"QCL","Crops and livestock products","2","Afghanistan","5510","Production","515","Apples","2017","2017","tonnes","170443"
"QCL","Crops and livestock products","2","Afghanistan","5510","Production","515","Apples","2018","2018","tonnes","217192"
"QCL","Crops and livestock products","2","Afghanistan","5510","Production","515","Apples","2019","2019","tonnes","250324"
"QCL","Crops and livestock products","2","Afghanistan","5510","Production","515","Apples","2020","2020","tonnes","270857"
"QCL","Crops and livestock products","3","Albania","5510","Production","515","Apples","2016","2016","tonnes","101532"
"QCL","Crops and livestock products","3","Albania","5510","Production","515","Apples","2017","2017","tonnes","96338"
"QCL","Crops and livestock products","3","Albania","5510","Production","515","Apples","2018","2018","tonnes","108375"
"QCL","Crops and livestock products","3","Albania","5510","Production","515","Apples","2019","2019","tonnes","105933"
"QCL","Crops and livestock products","3","Albania","5510","Production","515","Apples","2020","2020","tonnes","102167"
"QCL","Crops and livestock products","4","Algeria","5510","Production","515","Apples","2016","2016","tonnes","500855"
"QCL","Crops and livestock products","4","Algeria","5510","Production","515","Apples","2017","2017","tonnes","494239"
"QCL","Crops and livestock products","4","Algeria","5510","Production","515","Apples","2018","2018","tonnes","487808"
"QCL","Crops and livestock products","4","Algeria","5510","Production","515","Apples","2019","2019","tonnes","558830"
"QCL","Crops and livestock products","4","Algeria","5510","Production","515","Apples","2020","2020","tonnes","566824"
"QCL","Crops and livestock products","9","Argentina","5510","Production","515","Apples","2016","2016","tonnes","458908"
"QCL","Crops and livestock products","9","Argentina","5510","Production","515","Apples","2017","2017","tonnes","458908"
"QCL","Crops and livestock products","9","Argentina","5510","Production","515","Apples","2018","2018","tonnes","510478"
"QCL","Crops and livestock products","9","Argentina","5510","Production","515","Apples","2019","2019","tonnes","537640"
"QCL","Crops and livestock products","9","Argentina","5510","Production","515","Apples","2020","2020","tonnes","535797"
"QCL","Crops and livestock products","1","Armenia","5510","Production","515","Apples","2016","2016","tonnes","62574"
"QCL","Crops and livestock products","1","Armenia","5510","Production","515","Apples","2017","2017","tonnes","116051"
"QCL","Crops and livestock products","1","Armenia","5510","Production","515","Apples","2018","2018","tonnes","109939"
"QCL","Crops and livestock products","1","Armenia","5510","Production","515","Apples","2019","2019","tonnes","81674"
"QCL","Crops and livestock products","1","Armenia","5510","Production","515","Apples","2020","2020","tonnes","84676"
"QCL","Crops and livestock products","10","Australia","5510","Production","515","Apples","2016","2016","tonnes","308298"
"QCL","Crops and livestock products","10","Australia","5510","Production","515","Apples","2017","2017","tonnes","313730"
"QCL","Crops and livestock products","10","Australia","5510","Production","515","Apples","2018","2018","tonnes","268355"
"QCL","Crops and livestock products","10","Australia","5510","Production","515","Apples","2019","2019","tonnes","265150"
"QCL","Crops and livestock products","10","Australia","5510","Production","515","Apples","2020","2020","tonnes","262966"
"QCL","Crops and livestock products","11","Austria","5510","Production","515","Apples","2016","2016","tonnes","101667"
"QCL","Crops and livestock products","11","Austria","5510","Production","515","Apples","2017","2017","tonnes","185244"
"QCL","Crops and livestock products","11","Austria","5510","Production","515","Apples","2018","2018","tonnes","387950"
"QCL","Crops and livestock products","11","Austria","5510","Production","515","Apples","2019","2019","tonnes","239210"
"QCL","Crops and livestock products","11","Austria","5510","Production","515","Apples","2020","2020","tonnes","258220"
"QCL","Crops and livestock products","52","Azerbaijan","5510","Production","515","Apples","2016","2016","tonnes","254296"
"QCL","Crops and livestock products","52","Azerbaijan","5510","Production","515","Apples","2017","2017","tonnes","275093"
"QCL","Crops and livestock products","52","Azerbaijan","5510","Production","515","Apples","2018","2018","tonnes","277158"
"QCL","Crops and livestock products","52","Azerbaijan","5510","Production","515","Apples","2019","2019","tonnes","292736"
"QCL","Crops and livestock products","52","Azerbaijan","5510","Production","515","Apples","2020","2020","tonnes","301411"
"QCL","Crops and livestock products","57","Belarus","5510","Production","515","Apples","2016","2016","tonnes","508816"
"QCL","Crops and livestock products","57","Belarus","5510","Production","515","Apples","2017","2017","tonnes","317078"
"QCL","Crops and livestock products","57","Belarus","5510","Production","515","Apples","2018","2018","tonnes","700198"
"QCL","Crops and livestock products","57","Belarus","5510","Production","515","Apples","2019","2019","tonnes","336697"
"QCL","Crops and livestock products","57","Belarus","5510","Production","515","Apples","2020","2020","tonnes","532655"
"QCL","Crops and livestock products","255","Belgium","5510","Production","515","Apples","2016","2016","tonnes","238244"
"QCL","Crops and livestock products","255","Belgium","5510","Production","515","Apples","2017","2017","tonnes","86236"
"QCL","Crops and livestock products","255","Belgium","5510","Production","515","Apples","2018","2018","tonnes","231300"
"QCL","Crops and livestock products","255","Belgium","5510","Production","515","Apples","2019","2019","tonnes","241860"
"QCL","Crops and livestock products","255","Belgium","5510","Production","515","Apples","2020","2020","tonnes","168030"
"QCL","Crops and livestock products","18","Bhutan","5510","Production","515","Apples","2016","2016","tonnes","6587"
"QCL","Crops and livestock products","18","Bhutan","5510","Production","515","Apples","2017","2017","tonnes","8039"
"QCL","Crops and livestock products","18","Bhutan","5510","Production","515","Apples","2018","2018","tonnes","3684"
"QCL","Crops and livestock products","18","Bhutan","5510","Production","515","Apples","2019","2019","tonnes","4321"
"QCL","Crops and livestock products","18","Bhutan","5510","Production","515","Apples","2020","2020","tonnes","4056"
"QCL","Crops and livestock products","19","Bolivia (Plurinational State of)","5510","Production","515","Apples","2016","2016","tonnes","2578"
"QCL","Crops and livestock products","19","Bolivia (Plurinational State of)","5510","Production","515","Apples","2017","2017","tonnes","2751"
"QCL","Crops and livestock products","19","Bolivia (Plurinational State of)","5510","Production","515","Apples","2018","2018","tonnes","2805"
"QCL","Crops and livestock products","19","Bolivia (Plurinational State of)","5510","Production","515","Apples","2019","2019","tonnes","2931"
"QCL","Crops and livestock products","19","Bolivia (Plurinational State of)","5510","Production","515","Apples","2020","2020","tonnes","2750"
"QCL","Crops and livestock products","80","Bosnia and Herzegovina","5510","Production","515","Apples","2016","2016","tonnes","69062"
"QCL","Crops and livestock products","80","Bosnia and Herzegovina","5510","Production","515","Apples","2017","2017","tonnes","52252"
"QCL","Crops and livestock products","80","Bosnia and Herzegovina","5510","Production","515","Apples","2018","2018","tonnes","112513"
"QCL","Crops and livestock products","80","Bosnia and Herzegovina","5510","Production","515","Apples","2019","2019","tonnes","98265"
"QCL","Crops and livestock products","80","Bosnia and Herzegovina","5510","Production","515","Apples","2020","2020","tonnes","109071"
"QCL","Crops and livestock products","21","Brazil","5510","Production","515","Apples","2016","2016","tonnes","1055383"
"QCL","Crops and livestock products","21","Brazil","5510","Production","515","Apples","2017","2017","tonnes","1307642"
"QCL","Crops and livestock products","21","Brazil","5510","Production","515","Apples","2018","2018","tonnes","1203007"
"QCL","Crops and livestock products","21","Brazil","5510","Production","515","Apples","2019","2019","tonnes","1222949"
"QCL","Crops and livestock products","21","Brazil","5510","Production","515","Apples","2020","2020","tonnes","983247"
"QCL","Crops and livestock products","27","Bulgaria","5510","Production","515","Apples","2016","2016","tonnes","44755"
"QCL","Crops and livestock products","27","Bulgaria","5510","Production","515","Apples","2017","2017","tonnes","44927"
"QCL","Crops and livestock products","27","Bulgaria","5510","Production","515","Apples","2018","2018","tonnes","50300"
"QCL","Crops and livestock products","27","Bulgaria","5510","Production","515","Apples","2019","2019","tonnes","43620"
"QCL","Crops and livestock products","27","Bulgaria","5510","Production","515","Apples","2020","2020","tonnes","37870"
"QCL","Crops and livestock products","33","Canada","5510","Production","515","Apples","2016","2016","tonnes","417989"
"QCL","Crops and livestock products","33","Canada","5510","Production","515","Apples","2017","2017","tonnes","402082"
"QCL","Crops and livestock products","33","Canada","5510","Production","515","Apples","2018","2018","tonnes","399808"
"QCL","Crops and livestock products","33","Canada","5510","Production","515","Apples","2019","2019","tonnes","380669"
"QCL","Crops and livestock products","33","Canada","5510","Production","515","Apples","2020","2020","tonnes","385452"
"QCL","Crops and livestock products","40","Chile","5510","Production","515","Apples","2016","2016","tonnes","1707557"
"QCL","Crops and livestock products","40","Chile","5510","Production","515","Apples","2017","2017","tonnes","1741845"
"QCL","Crops and livestock products","40","Chile","5510","Production","515","Apples","2018","2018","tonnes","1684343"
"QCL","Crops and livestock products","40","Chile","5510","Production","515","Apples","2019","2019","tonnes","1602722"
"QCL","Crops and livestock products","40","Chile","5510","Production","515","Apples","2020","2020","tonnes","1619575"
"QCL","Crops and livestock products","351","China","5510","Production","515","Apples","2016","2016","tonnes","40394483"
"QCL","Crops and livestock products","351","China","5510","Production","515","Apples","2017","2017","tonnes","41391451"
"QCL","Crops and livestock products","351","China","5510","Production","515","Apples","2018","2018","tonnes","39235019"
"QCL","Crops and livestock products","351","China","5510","Production","515","Apples","2019","2019","tonnes","42426578"
"QCL","Crops and livestock products","351","China","5510","Production","515","Apples","2020","2020","tonnes","40501041"
"QCL","Crops and livestock products","41","China, mainland","5510","Production","515","Apples","2016","2016","tonnes","40393000"
"QCL","Crops and livestock products","41","China, mainland","5510","Production","515","Apples","2017","2017","tonnes","41390000"
"QCL","Crops and livestock products","41","China, mainland","5510","Production","515","Apples","2018","2018","tonnes","39233400"
"QCL","Crops and livestock products","41","China, mainland","5510","Production","515","Apples","2019","2019","tonnes","42425400"
"QCL","Crops and livestock products","41","China, mainland","5510","Production","515","Apples","2020","2020","tonnes","40500000"
"QCL","Crops and livestock products","214","China, Taiwan Province of","5510","Production","515","Apples","2016","2016","tonnes","1483"
"QCL","Crops and livestock products","214","China, Taiwan Province of","5510","Production","515","Apples","2017","2017","tonnes","1451"
"QCL","Crops and livestock products","214","China, Taiwan Province of","5510","Production","515","Apples","2018","2018","tonnes","1619"
"QCL","Crops and livestock products","214","China, Taiwan Province of","5510","Production","515","Apples","2019","2019","tonnes","1178"
"QCL","Crops and livestock products","214","China, Taiwan Province of","5510","Production","515","Apples","2020","2020","tonnes","1041"
"QCL","Crops and livestock products","44","Colombia","5510","Production","515","Apples","2016","2016","tonnes","2259"
"QCL","Crops and livestock products","44","Colombia","5510","Production","515","Apples","2017","2017","tonnes","3065"
"QCL","Crops and livestock products","44","Colombia","5510","Production","515","Apples","2018","2018","tonnes","4734"
"QCL","Crops and livestock products","44","Colombia","5510","Production","515","Apples","2019","2019","tonnes","5053"
"QCL","Crops and livestock products","44","Colombia","5510","Production","515","Apples","2020","2020","tonnes","4884"
"QCL","Crops and livestock products","98","Croatia","5510","Production","515","Apples","2016","2016","tonnes","44781"
"QCL","Crops and livestock products","98","Croatia","5510","Production","515","Apples","2017","2017","tonnes","56570"
"QCL","Crops and livestock products","98","Croatia","5510","Production","515","Apples","2018","2018","tonnes","90250"
"QCL","Crops and livestock products","98","Croatia","5510","Production","515","Apples","2019","2019","tonnes","68350"
"QCL","Crops and livestock products","98","Croatia","5510","Production","515","Apples","2020","2020","tonnes","63610"
"QCL","Crops and livestock products","50","Cyprus","5510","Production","515","Apples","2016","2016","tonnes","4200"
"QCL","Crops and livestock products","50","Cyprus","5510","Production","515","Apples","2017","2017","tonnes","3792"
"QCL","Crops and livestock products","50","Cyprus","5510","Production","515","Apples","2018","2018","tonnes","1910"
"QCL","Crops and livestock products","50","Cyprus","5510","Production","515","Apples","2019","2019","tonnes","1840"
"QCL","Crops and livestock products","50","Cyprus","5510","Production","515","Apples","2020","2020","tonnes","1780"
"QCL","Crops and livestock products","167","Czechia","5510","Production","515","Apples","2016","2016","tonnes","124997"
"QCL","Crops and livestock products","167","Czechia","5510","Production","515","Apples","2017","2017","tonnes","105280"
"QCL","Crops and livestock products","167","Czechia","5510","Production","515","Apples","2018","2018","tonnes","151530"
"QCL","Crops and livestock products","167","Czechia","5510","Production","515","Apples","2019","2019","tonnes","99500"
"QCL","Crops and livestock products","167","Czechia","5510","Production","515","Apples","2020","2020","tonnes","115590"
"QCL","Crops and livestock products","116","Democratic People's Republic of Korea","5510","Production","515","Apples","2016","2016","tonnes","783182"
"QCL","Crops and livestock products","116","Democratic People's Republic of Korea","5510","Production","515","Apples","2017","2017","tonnes","804051"
"QCL","Crops and livestock products","116","Democratic People's Republic of Korea","5510","Production","515","Apples","2018","2018","tonnes","816569"
"QCL","Crops and livestock products","116","Democratic People's Republic of Korea","5510","Production","515","Apples","2019","2019","tonnes","801267"
"QCL","Crops and livestock products","116","Democratic People's Republic of Korea","5510","Production","515","Apples","2020","2020","tonnes","807295"
"QCL","Crops and livestock products","54","Denmark","5510","Production","515","Apples","2016","2016","tonnes","36470"
"QCL","Crops and livestock products","54","Denmark","5510","Production","515","Apples","2017","2017","tonnes","20496"
"QCL","Crops and livestock products","54","Denmark","5510","Production","515","Apples","2018","2018","tonnes","32650"
"QCL","Crops and livestock products","54","Denmark","5510","Production","515","Apples","2019","2019","tonnes","25210"
"QCL","Crops and livestock products","54","Denmark","5510","Production","515","Apples","2020","2020","tonnes","40020"
"QCL","Crops and livestock products","58","Ecuador","5510","Production","515","Apples","2016","2016","tonnes","7605"
"QCL","Crops and livestock products","58","Ecuador","5510","Production","515","Apples","2017","2017","tonnes","7245"
"QCL","Crops and livestock products","58","Ecuador","5510","Production","515","Apples","2018","2018","tonnes","7192"
"QCL","Crops and livestock products","58","Ecuador","5510","Production","515","Apples","2019","2019","tonnes","7348"
"QCL","Crops and livestock products","58","Ecuador","5510","Production","515","Apples","2020","2020","tonnes","7262"
"QCL","Crops and livestock products","59","Egypt","5510","Production","515","Apples","2016","2016","tonnes","754846"
"QCL","Crops and livestock products","59","Egypt","5510","Production","515","Apples","2017","2017","tonnes","716271"
"QCL","Crops and livestock products","59","Egypt","5510","Production","515","Apples","2018","2018","tonnes","716148"
"QCL","Crops and livestock products","59","Egypt","5510","Production","515","Apples","2019","2019","tonnes","701435"
"QCL","Crops and livestock products","59","Egypt","5510","Production","515","Apples","2020","2020","tonnes","697936"
"QCL","Crops and livestock products","60","El Salvador","5510","Production","515","Apples","2016","2016","tonnes","41103"
"QCL","Crops and livestock products","60","El Salvador","5510","Production","515","Apples","2017","2017","tonnes","42624"
"QCL","Crops and livestock products","60","El Salvador","5510","Production","515","Apples","2018","2018","tonnes","43667"
"QCL","Crops and livestock products","60","El Salvador","5510","Production","515","Apples","2019","2019","tonnes","42464"
"QCL","Crops and livestock products","60","El Salvador","5510","Production","515","Apples","2020","2020","tonnes","42918"
"QCL","Crops and livestock products","63","Estonia","5510","Production","515","Apples","2016","2016","tonnes","5497"
"QCL","Crops and livestock products","63","Estonia","5510","Production","515","Apples","2017","2017","tonnes","3648"
"QCL","Crops and livestock products","63","Estonia","5510","Production","515","Apples","2018","2018","tonnes","1640"
"QCL","Crops and livestock products","63","Estonia","5510","Production","515","Apples","2019","2019","tonnes","1850"
"QCL","Crops and livestock products","63","Estonia","5510","Production","515","Apples","2020","2020","tonnes","1260"
"QCL","Crops and livestock products","67","Finland","5510","Production","515","Apples","2016","2016","tonnes","6401"
"QCL","Crops and livestock products","67","Finland","5510","Production","515","Apples","2017","2017","tonnes","6758"
"QCL","Crops and livestock products","67","Finland","5510","Production","515","Apples","2018","2018","tonnes","7200"
"QCL","Crops and livestock products","67","Finland","5510","Production","515","Apples","2019","2019","tonnes","8090"
"QCL","Crops and livestock products","67","Finland","5510","Production","515","Apples","2020","2020","tonnes","7170"
"QCL","Crops and livestock products","68","France","5510","Production","515","Apples","2016","2016","tonnes","1823123"
"QCL","Crops and livestock products","68","France","5510","Production","515","Apples","2017","2017","tonnes","1695949"
"QCL","Crops and livestock products","68","France","5510","Production","515","Apples","2018","2018","tonnes","1740350"
"QCL","Crops and livestock products","68","France","5510","Production","515","Apples","2019","2019","tonnes","1753500"
"QCL","Crops and livestock products","68","France","5510","Production","515","Apples","2020","2020","tonnes","1619880"
"QCL","Crops and livestock products","73","Georgia","5510","Production","515","Apples","2016","2016","tonnes","65200"
"QCL","Crops and livestock products","73","Georgia","5510","Production","515","Apples","2017","2017","tonnes","19700"
"QCL","Crops and livestock products","73","Georgia","5510","Production","515","Apples","2018","2018","tonnes","82700"
"QCL","Crops and livestock products","73","Georgia","5510","Production","515","Apples","2019","2019","tonnes","44300"
"QCL","Crops and livestock products","73","Georgia","5510","Production","515","Apples","2020","2020","tonnes","89000"
"QCL","Crops and livestock products","79","Germany","5510","Production","515","Apples","2016","2016","tonnes","1032913"
"QCL","Crops and livestock products","79","Germany","5510","Production","515","Apples","2017","2017","tonnes","596666"
"QCL","Crops and livestock products","79","Germany","5510","Production","515","Apples","2018","2018","tonnes","1198520"
"QCL","Crops and livestock products","79","Germany","5510","Production","515","Apples","2019","2019","tonnes","991450"
"QCL","Crops and livestock products","79","Germany","5510","Production","515","Apples","2020","2020","tonnes","1023320"
"QCL","Crops and livestock products","84","Greece","5510","Production","515","Apples","2016","2016","tonnes","279665"
"QCL","Crops and livestock products","84","Greece","5510","Production","515","Apples","2017","2017","tonnes","253107"
"QCL","Crops and livestock products","84","Greece","5510","Production","515","Apples","2018","2018","tonnes","285810"
"QCL","Crops and livestock products","84","Greece","5510","Production","515","Apples","2019","2019","tonnes","277110"
"QCL","Crops and livestock products","84","Greece","5510","Production","515","Apples","2020","2020","tonnes","303580"
"QCL","Crops and livestock products","86","Grenada","5510","Production","515","Apples","2016","2016","tonnes","475"
"QCL","Crops and livestock products","86","Grenada","5510","Production","515","Apples","2017","2017","tonnes","483"
"QCL","Crops and livestock products","86","Grenada","5510","Production","515","Apples","2018","2018","tonnes","476"
"QCL","Crops and livestock products","86","Grenada","5510","Production","515","Apples","2019","2019","tonnes","453"
"QCL","Crops and livestock products","86","Grenada","5510","Production","515","Apples","2020","2020","tonnes","457"
"QCL","Crops and livestock products","89","Guatemala","5510","Production","515","Apples","2016","2016","tonnes","26499"
"QCL","Crops and livestock products","89","Guatemala","5510","Production","515","Apples","2017","2017","tonnes","25429"
"QCL","Crops and livestock products","89","Guatemala","5510","Production","515","Apples","2018","2018","tonnes","25014"
"QCL","Crops and livestock products","89","Guatemala","5510","Production","515","Apples","2019","2019","tonnes","25392"
"QCL","Crops and livestock products","89","Guatemala","5510","Production","515","Apples","2020","2020","tonnes","25497"
"QCL","Crops and livestock products","95","Honduras","5510","Production","515","Apples","2016","2016","tonnes","185"
"QCL","Crops and livestock products","95","Honduras","5510","Production","515","Apples","2017","2017","tonnes","186"
"QCL","Crops and livestock products","95","Honduras","5510","Production","515","Apples","2018","2018","tonnes","187"
"QCL","Crops and livestock products","95","Honduras","5510","Production","515","Apples","2019","2019","tonnes","189"
"QCL","Crops and livestock products","95","Honduras","5510","Production","515","Apples","2020","2020","tonnes","187"
"QCL","Crops and livestock products","97","Hungary","5510","Production","515","Apples","2016","2016","tonnes","497108"
"QCL","Crops and livestock products","97","Hungary","5510","Production","515","Apples","2017","2017","tonnes","473662"
"QCL","Crops and livestock products","97","Hungary","5510","Production","515","Apples","2018","2018","tonnes","678780"
"QCL","Crops and livestock products","97","Hungary","5510","Production","515","Apples","2019","2019","tonnes","498330"
"QCL","Crops and livestock products","97","Hungary","5510","Production","515","Apples","2020","2020","tonnes","398710"
"QCL","Crops and livestock products","100","India","5510","Production","515","Apples","2016","2016","tonnes","2521000"
"QCL","Crops and livestock products","100","India","5510","Production","515","Apples","2017","2017","tonnes","2265000"
"QCL","Crops and livestock products","100","India","5510","Production","515","Apples","2018","2018","tonnes","2327000"
"QCL","Crops and livestock products","100","India","5510","Production","515","Apples","2019","2019","tonnes","2316000"
"QCL","Crops and livestock products","100","India","5510","Production","515","Apples","2020","2020","tonnes","2734000"
"QCL","Crops and livestock products","102","Iran (Islamic Republic of)","5510","Production","515","Apples","2016","2016","tonnes","2096749"
"QCL","Crops and livestock products","102","Iran (Islamic Republic of)","5510","Production","515","Apples","2017","2017","tonnes","2398831"
"QCL","Crops and livestock products","102","Iran (Islamic Republic of)","5510","Production","515","Apples","2018","2018","tonnes","1936697"
"QCL","Crops and livestock products","102","Iran (Islamic Republic of)","5510","Production","515","Apples","2019","2019","tonnes","2241124"
"QCL","Crops and livestock products","102","Iran (Islamic Republic of)","5510","Production","515","Apples","2020","2020","tonnes","2206723"
"QCL","Crops and livestock products","103","Iraq","5510","Production","515","Apples","2016","2016","tonnes","44495"
"QCL","Crops and livestock products","103","Iraq","5510","Production","515","Apples","2017","2017","tonnes","47626"
"QCL","Crops and livestock products","103","Iraq","5510","Production","515","Apples","2018","2018","tonnes","49644"
"QCL","Crops and livestock products","103","Iraq","5510","Production","515","Apples","2019","2019","tonnes","75831"
"QCL","Crops and livestock products","103","Iraq","5510","Production","515","Apples","2020","2020","tonnes","79413"
"QCL","Crops and livestock products","104","Ireland","5510","Production","515","Apples","2016","2016","tonnes","21800"
"QCL","Crops and livestock products","104","Ireland","5510","Production","515","Apples","2017","2017","tonnes","21369"
"QCL","Crops and livestock products","104","Ireland","5510","Production","515","Apples","2018","2018","tonnes","20140"
"QCL","Crops and livestock products","104","Ireland","5510","Production","515","Apples","2019","2019","tonnes","19880"
"QCL","Crops and livestock products","104","Ireland","5510","Production","515","Apples","2020","2020","tonnes","19470"
"QCL","Crops and livestock products","105","Israel","5510","Production","515","Apples","2016","2016","tonnes","100000"
"QCL","Crops and livestock products","105","Israel","5510","Production","515","Apples","2017","2017","tonnes","113000"
"QCL","Crops and livestock products","105","Israel","5510","Production","515","Apples","2018","2018","tonnes","111000"
"QCL","Crops and livestock products","105","Israel","5510","Production","515","Apples","2019","2019","tonnes","104000"
"QCL","Crops and livestock products","105","Israel","5510","Production","515","Apples","2020","2020","tonnes","104000"
"QCL","Crops and livestock products","106","Italy","5510","Production","515","Apples","2016","2016","tonnes","2455616"
"QCL","Crops and livestock products","106","Italy","5510","Production","515","Apples","2017","2017","tonnes","1921272"
"QCL","Crops and livestock products","106","Italy","5510","Production","515","Apples","2018","2018","tonnes","2466990"
"QCL","Crops and livestock products","106","Italy","5510","Production","515","Apples","2019","2019","tonnes","2303690"
"QCL","Crops and livestock products","106","Italy","5510","Production","515","Apples","2020","2020","tonnes","2462440"
"QCL","Crops and livestock products","110","Japan","5510","Production","515","Apples","2016","2016","tonnes","765000"
"QCL","Crops and livestock products","110","Japan","5510","Production","515","Apples","2017","2017","tonnes","735200"
"QCL","Crops and livestock products","110","Japan","5510","Production","515","Apples","2018","2018","tonnes","756100"
"QCL","Crops and livestock products","110","Japan","5510","Production","515","Apples","2019","2019","tonnes","701600"
"QCL","Crops and livestock products","110","Japan","5510","Production","515","Apples","2020","2020","tonnes","720405"
"QCL","Crops and livestock products","112","Jordan","5510","Production","515","Apples","2016","2016","tonnes","55197"
"QCL","Crops and livestock products","112","Jordan","5510","Production","515","Apples","2017","2017","tonnes","24496"
"QCL","Crops and livestock products","112","Jordan","5510","Production","515","Apples","2018","2018","tonnes","20517"
"QCL","Crops and livestock products","112","Jordan","5510","Production","515","Apples","2019","2019","tonnes","21051"
"QCL","Crops and livestock products","112","Jordan","5510","Production","515","Apples","2020","2020","tonnes","25310"
"QCL","Crops and livestock products","108","Kazakhstan","5510","Production","515","Apples","2016","2016","tonnes","188099"
"QCL","Crops and livestock products","108","Kazakhstan","5510","Production","515","Apples","2017","2017","tonnes","181057"
"QCL","Crops and livestock products","108","Kazakhstan","5510","Production","515","Apples","2018","2018","tonnes","222482"
"QCL","Crops and livestock products","108","Kazakhstan","5510","Production","515","Apples","2019","2019","tonnes","216540"
"QCL","Crops and livestock products","108","Kazakhstan","5510","Production","515","Apples","2020","2020","tonnes","259128"
"QCL","Crops and livestock products","114","Kenya","5510","Production","515","Apples","2016","2016","tonnes","623"
"QCL","Crops and livestock products","114","Kenya","5510","Production","515","Apples","2017","2017","tonnes","300"
"QCL","Crops and livestock products","114","Kenya","5510","Production","515","Apples","2018","2018","tonnes","426"
"QCL","Crops and livestock products","114","Kenya","5510","Production","515","Apples","2019","2019","tonnes","261"
"QCL","Crops and livestock products","114","Kenya","5510","Production","515","Apples","2020","2020","tonnes","106"
"QCL","Crops and livestock products","113","Kyrgyzstan","5510","Production","515","Apples","2016","2016","tonnes","140176"
"QCL","Crops and livestock products","113","Kyrgyzstan","5510","Production","515","Apples","2017","2017","tonnes","137725"
"QCL","Crops and livestock products","113","Kyrgyzstan","5510","Production","515","Apples","2018","2018","tonnes","135301"
"QCL","Crops and livestock products","113","Kyrgyzstan","5510","Production","515","Apples","2019","2019","tonnes","137734"
"QCL","Crops and livestock products","113","Kyrgyzstan","5510","Production","515","Apples","2020","2020","tonnes","136920"
"QCL","Crops and livestock products","119","Latvia","5510","Production","515","Apples","2016","2016","tonnes","9854"
"QCL","Crops and livestock products","119","Latvia","5510","Production","515","Apples","2017","2017","tonnes","7464"
"QCL","Crops and livestock products","119","Latvia","5510","Production","515","Apples","2018","2018","tonnes","13900"
"QCL","Crops and livestock products","119","Latvia","5510","Production","515","Apples","2019","2019","tonnes","10390"
"QCL","Crops and livestock products","119","Latvia","5510","Production","515","Apples","2020","2020","tonnes","13900"
"QCL","Crops and livestock products","121","Lebanon","5510","Production","515","Apples","2016","2016","tonnes","344469"
"QCL","Crops and livestock products","121","Lebanon","5510","Production","515","Apples","2017","2017","tonnes","316155"
"QCL","Crops and livestock products","121","Lebanon","5510","Production","515","Apples","2018","2018","tonnes","278539"
"QCL","Crops and livestock products","121","Lebanon","5510","Production","515","Apples","2019","2019","tonnes","252758"
"QCL","Crops and livestock products","121","Lebanon","5510","Production","515","Apples","2020","2020","tonnes","245152"
"QCL","Crops and livestock products","124","Libya","5510","Production","515","Apples","2016","2016","tonnes","17363"
"QCL","Crops and livestock products","124","Libya","5510","Production","515","Apples","2017","2017","tonnes","16317"
"QCL","Crops and livestock products","124","Libya","5510","Production","515","Apples","2018","2018","tonnes","15936"
"QCL","Crops and livestock products","124","Libya","5510","Production","515","Apples","2019","2019","tonnes","16539"
"QCL","Crops and livestock products","124","Libya","5510","Production","515","Apples","2020","2020","tonnes","16264"
"QCL","Crops and livestock products","126","Lithuania","5510","Production","515","Apples","2016","2016","tonnes","65579"
"QCL","Crops and livestock products","126","Lithuania","5510","Production","515","Apples","2017","2017","tonnes","87367"
"QCL","Crops and livestock products","126","Lithuania","5510","Production","515","Apples","2018","2018","tonnes","80680"
"QCL","Crops and livestock products","126","Lithuania","5510","Production","515","Apples","2019","2019","tonnes","32070"
"QCL","Crops and livestock products","126","Lithuania","5510","Production","515","Apples","2020","2020","tonnes","51880"
"QCL","Crops and livestock products","256","Luxembourg","5510","Production","515","Apples","2016","2016","tonnes","1510"
"QCL","Crops and livestock products","256","Luxembourg","5510","Production","515","Apples","2017","2017","tonnes","983"
"QCL","Crops and livestock products","256","Luxembourg","5510","Production","515","Apples","2018","2018","tonnes","2080"
"QCL","Crops and livestock products","256","Luxembourg","5510","Production","515","Apples","2019","2019","tonnes","1930"
"QCL","Crops and livestock products","256","Luxembourg","5510","Production","515","Apples","2020","2020","tonnes","2320"
"QCL","Crops and livestock products","129","Madagascar","5510","Production","515","Apples","2016","2016","tonnes","7145"
"QCL","Crops and livestock products","129","Madagascar","5510","Production","515","Apples","2017","2017","tonnes","7115"
"QCL","Crops and livestock products","129","Madagascar","5510","Production","515","Apples","2018","2018","tonnes","7100"
"QCL","Crops and livestock products","129","Madagascar","5510","Production","515","Apples","2019","2019","tonnes","7108"
"QCL","Crops and livestock products","129","Madagascar","5510","Production","515","Apples","2020","2020","tonnes","7115"
"QCL","Crops and livestock products","130","Malawi","5510","Production","515","Apples","2016","2016","tonnes","3313"
"QCL","Crops and livestock products","130","Malawi","5510","Production","515","Apples","2017","2017","tonnes","3447"
"QCL","Crops and livestock products","130","Malawi","5510","Production","515","Apples","2018","2018","tonnes","2639"
"QCL","Crops and livestock products","130","Malawi","5510","Production","515","Apples","2019","2019","tonnes","2979"
"QCL","Crops and livestock products","130","Malawi","5510","Production","515","Apples","2020","2020","tonnes","3132"
"QCL","Crops and livestock products","134","Malta","5510","Production","515","Apples","2016","2016","tonnes","16"
"QCL","Crops and livestock products","134","Malta","5510","Production","515","Apples","2017","2017","tonnes","21"
"QCL","Crops and livestock products","134","Malta","5510","Production","515","Apples","2018","2018","tonnes","20"
"QCL","Crops and livestock products","134","Malta","5510","Production","515","Apples","2019","2019","tonnes","10"
"QCL","Crops and livestock products","134","Malta","5510","Production","515","Apples","2020","2020","tonnes","10"
"QCL","Crops and livestock products","138","Mexico","5510","Production","515","Apples","2016","2016","tonnes","716931"
"QCL","Crops and livestock products","138","Mexico","5510","Production","515","Apples","2017","2017","tonnes","714149"
"QCL","Crops and livestock products","138","Mexico","5510","Production","515","Apples","2018","2018","tonnes","659692"
"QCL","Crops and livestock products","138","Mexico","5510","Production","515","Apples","2019","2019","tonnes","761483"
"QCL","Crops and livestock products","138","Mexico","5510","Production","515","Apples","2020","2020","tonnes","714203"
"QCL","Crops and livestock products","273","Montenegro","5510","Production","515","Apples","2016","2016","tonnes","1638"
"QCL","Crops and livestock products","273","Montenegro","5510","Production","515","Apples","2017","2017","tonnes","1347"
"QCL","Crops and livestock products","273","Montenegro","5510","Production","515","Apples","2018","2018","tonnes","1688"
"QCL","Crops and livestock products","273","Montenegro","5510","Production","515","Apples","2019","2019","tonnes","1490"
"QCL","Crops and livestock products","273","Montenegro","5510","Production","515","Apples","2020","2020","tonnes","1714"
"QCL","Crops and livestock products","143","Morocco","5510","Production","515","Apples","2016","2016","tonnes","406379"
"QCL","Crops and livestock products","143","Morocco","5510","Production","515","Apples","2017","2017","tonnes","820547"
"QCL","Crops and livestock products","143","Morocco","5510","Production","515","Apples","2018","2018","tonnes","696950"
"QCL","Crops and livestock products","143","Morocco","5510","Production","515","Apples","2019","2019","tonnes","809762"
"QCL","Crops and livestock products","143","Morocco","5510","Production","515","Apples","2020","2020","tonnes","778866"
"QCL","Crops and livestock products","149","Nepal","5510","Production","515","Apples","2016","2016","tonnes","41011"
"QCL","Crops and livestock products","149","Nepal","5510","Production","515","Apples","2017","2017","tonnes","19850"
"QCL","Crops and livestock products","149","Nepal","5510","Production","515","Apples","2018","2018","tonnes","28895"
"QCL","Crops and livestock products","149","Nepal","5510","Production","515","Apples","2019","2019","tonnes","31386"
"QCL","Crops and livestock products","149","Nepal","5510","Production","515","Apples","2020","2020","tonnes","45205"
"QCL","Crops and livestock products","150","Netherlands","5510","Production","515","Apples","2016","2016","tonnes","317000"
"QCL","Crops and livestock products","150","Netherlands","5510","Production","515","Apples","2017","2017","tonnes","227000"
"QCL","Crops and livestock products","150","Netherlands","5510","Production","515","Apples","2018","2018","tonnes","269100"
"QCL","Crops and livestock products","150","Netherlands","5510","Production","515","Apples","2019","2019","tonnes","273000"
"QCL","Crops and livestock products","150","Netherlands","5510","Production","515","Apples","2020","2020","tonnes","220000"
"QCL","Crops and livestock products","156","New Zealand","5510","Production","515","Apples","2016","2016","tonnes","550000"
"QCL","Crops and livestock products","156","New Zealand","5510","Production","515","Apples","2017","2017","tonnes","470000"
"QCL","Crops and livestock products","156","New Zealand","5510","Production","515","Apples","2018","2018","tonnes","480000"
"QCL","Crops and livestock products","156","New Zealand","5510","Production","515","Apples","2019","2019","tonnes","557680"
"QCL","Crops and livestock products","156","New Zealand","5510","Production","515","Apples","2020","2020","tonnes","562058"
"QCL","Crops and livestock products","154","North Macedonia","5510","Production","515","Apples","2016","2016","tonnes","101088"
"QCL","Crops and livestock products","154","North Macedonia","5510","Production","515","Apples","2017","2017","tonnes","43366"
"QCL","Crops and livestock products","154","North Macedonia","5510","Production","515","Apples","2018","2018","tonnes","140296"
"QCL","Crops and livestock products","154","North Macedonia","5510","Production","515","Apples","2019","2019","tonnes","88701"
"QCL","Crops and livestock products","154","North Macedonia","5510","Production","515","Apples","2020","2020","tonnes","105794"
"QCL","Crops and livestock products","162","Norway","5510","Production","515","Apples","2016","2016","tonnes","12522"
"QCL","Crops and livestock products","162","Norway","5510","Production","515","Apples","2017","2017","tonnes","12664"
"QCL","Crops and livestock products","162","Norway","5510","Production","515","Apples","2018","2018","tonnes","14878"
"QCL","Crops and livestock products","162","Norway","5510","Production","515","Apples","2019","2019","tonnes","15593"
"QCL","Crops and livestock products","162","Norway","5510","Production","515","Apples","2020","2020","tonnes","12050"
"QCL","Crops and livestock products","165","Pakistan","5510","Production","515","Apples","2016","2016","tonnes","669912"
"QCL","Crops and livestock products","165","Pakistan","5510","Production","515","Apples","2017","2017","tonnes","564693"
"QCL","Crops and livestock products","165","Pakistan","5510","Production","515","Apples","2018","2018","tonnes","543645"
"QCL","Crops and livestock products","165","Pakistan","5510","Production","515","Apples","2019","2019","tonnes","603922"
"QCL","Crops and livestock products","165","Pakistan","5510","Production","515","Apples","2020","2020","tonnes","625372"
"QCL","Crops and livestock products","299","Palestine","5510","Production","515","Apples","2016","2016","tonnes","860"
"QCL","Crops and livestock products","299","Palestine","5510","Production","515","Apples","2017","2017","tonnes","919"
"QCL","Crops and livestock products","299","Palestine","5510","Production","515","Apples","2018","2018","tonnes","932"
"QCL","Crops and livestock products","299","Palestine","5510","Production","515","Apples","2019","2019","tonnes","937"
"QCL","Crops and livestock products","299","Palestine","5510","Production","515","Apples","2020","2020","tonnes","939"
"QCL","Crops and livestock products","169","Paraguay","5510","Production","515","Apples","2016","2016","tonnes","679"
"QCL","Crops and livestock products","169","Paraguay","5510","Production","515","Apples","2017","2017","tonnes","669"
"QCL","Crops and livestock products","169","Paraguay","5510","Production","515","Apples","2018","2018","tonnes","654"
"QCL","Crops and livestock products","169","Paraguay","5510","Production","515","Apples","2019","2019","tonnes","667"
"QCL","Crops and livestock products","169","Paraguay","5510","Production","515","Apples","2020","2020","tonnes","663"
"QCL","Crops and livestock products","170","Peru","5510","Production","515","Apples","2016","2016","tonnes","158098"
"QCL","Crops and livestock products","170","Peru","5510","Production","515","Apples","2017","2017","tonnes","149787"
"QCL","Crops and livestock products","170","Peru","5510","Production","515","Apples","2018","2018","tonnes","140571"
"QCL","Crops and livestock products","170","Peru","5510","Production","515","Apples","2019","2019","tonnes","144868"
"QCL","Crops and livestock products","170","Peru","5510","Production","515","Apples","2020","2020","tonnes","139392"
"QCL","Crops and livestock products","173","Poland","5510","Production","515","Apples","2016","2016","tonnes","3604271"
"QCL","Crops and livestock products","173","Poland","5510","Production","515","Apples","2017","2017","tonnes","2441393"
"QCL","Crops and livestock products","173","Poland","5510","Production","515","Apples","2018","2018","tonnes","3999520"
"QCL","Crops and livestock products","173","Poland","5510","Production","515","Apples","2019","2019","tonnes","3080600"
"QCL","Crops and livestock products","173","Poland","5510","Production","515","Apples","2020","2020","tonnes","3554300"
"QCL","Crops and livestock products","174","Portugal","5510","Production","515","Apples","2016","2016","tonnes","241611"
"QCL","Crops and livestock products","174","Portugal","5510","Production","515","Apples","2017","2017","tonnes","329371"
"QCL","Crops and livestock products","174","Portugal","5510","Production","515","Apples","2018","2018","tonnes","263960"
"QCL","Crops and livestock products","174","Portugal","5510","Production","515","Apples","2019","2019","tonnes","370710"
"QCL","Crops and livestock products","174","Portugal","5510","Production","515","Apples","2020","2020","tonnes","286080"
"QCL","Crops and livestock products","117","Republic of Korea","5510","Production","515","Apples","2016","2016","tonnes","576369"
"QCL","Crops and livestock products","117","Republic of Korea","5510","Production","515","Apples","2017","2017","tonnes","545349"
"QCL","Crops and livestock products","117","Republic of Korea","5510","Production","515","Apples","2018","2018","tonnes","475303"
"QCL","Crops and livestock products","117","Republic of Korea","5510","Production","515","Apples","2019","2019","tonnes","535324"
"QCL","Crops and livestock products","117","Republic of Korea","5510","Production","515","Apples","2020","2020","tonnes","422115"
"QCL","Crops and livestock products","146","Republic of Moldova","5510","Production","515","Apples","2016","2016","tonnes","411768"
"QCL","Crops and livestock products","146","Republic of Moldova","5510","Production","515","Apples","2017","2017","tonnes","487161"
"QCL","Crops and livestock products","146","Republic of Moldova","5510","Production","515","Apples","2018","2018","tonnes","665184"
"QCL","Crops and livestock products","146","Republic of Moldova","5510","Production","515","Apples","2019","2019","tonnes","610921"
"QCL","Crops and livestock products","146","Republic of Moldova","5510","Production","515","Apples","2020","2020","tonnes","480368"
"QCL","Crops and livestock products","183","Romania","5510","Production","515","Apples","2016","2016","tonnes","467259"
"QCL","Crops and livestock products","183","Romania","5510","Production","515","Apples","2017","2017","tonnes","348656"
"QCL","Crops and livestock products","183","Romania","5510","Production","515","Apples","2018","2018","tonnes","634770"
"QCL","Crops and livestock products","183","Romania","5510","Production","515","Apples","2019","2019","tonnes","492700"
"QCL","Crops and livestock products","183","Romania","5510","Production","515","Apples","2020","2020","tonnes","537470"
"QCL","Crops and livestock products","185","Russian Federation","5510","Production","515","Apples","2016","2016","tonnes","1701100"
"QCL","Crops and livestock products","185","Russian Federation","5510","Production","515","Apples","2017","2017","tonnes","1493600"
"QCL","Crops and livestock products","185","Russian Federation","5510","Production","515","Apples","2018","2018","tonnes","1859400"
"QCL","Crops and livestock products","185","Russian Federation","5510","Production","515","Apples","2019","2019","tonnes","1950800"
"QCL","Crops and livestock products","185","Russian Federation","5510","Production","515","Apples","2020","2020","tonnes","2040700"
"QCL","Crops and livestock products","191","Saint Vincent and the Grenadines","5510","Production","515","Apples","2016","2016","tonnes","1046"
"QCL","Crops and livestock products","191","Saint Vincent and the Grenadines","5510","Production","515","Apples","2017","2017","tonnes","1774"
"QCL","Crops and livestock products","191","Saint Vincent and the Grenadines","5510","Production","515","Apples","2018","2018","tonnes","1826"
"QCL","Crops and livestock products","191","Saint Vincent and the Grenadines","5510","Production","515","Apples","2019","2019","tonnes","1482"
"QCL","Crops and livestock products","191","Saint Vincent and the Grenadines","5510","Production","515","Apples","2020","2020","tonnes","1500"
"QCL","Crops and livestock products","272","Serbia","5510","Production","515","Apples","2016","2016","tonnes","400473"
"QCL","Crops and livestock products","272","Serbia","5510","Production","515","Apples","2017","2017","tonnes","378644"
"QCL","Crops and livestock products","272","Serbia","5510","Production","515","Apples","2018","2018","tonnes","460404"
"QCL","Crops and livestock products","272","Serbia","5510","Production","515","Apples","2019","2019","tonnes","499578"
"QCL","Crops and livestock products","272","Serbia","5510","Production","515","Apples","2020","2020","tonnes","489426"
"QCL","Crops and livestock products","199","Slovakia","5510","Production","515","Apples","2016","2016","tonnes","20722"
"QCL","Crops and livestock products","199","Slovakia","5510","Production","515","Apples","2017","2017","tonnes","32478"
"QCL","Crops and livestock products","199","Slovakia","5510","Production","515","Apples","2018","2018","tonnes","43930"
"QCL","Crops and livestock products","199","Slovakia","5510","Production","515","Apples","2019","2019","tonnes","35190"
"QCL","Crops and livestock products","199","Slovakia","5510","Production","515","Apples","2020","2020","tonnes","28430"
"QCL","Crops and livestock products","198","Slovenia","5510","Production","515","Apples","2016","2016","tonnes","59573"
"QCL","Crops and livestock products","198","Slovenia","5510","Production","515","Apples","2017","2017","tonnes","80000"
"QCL","Crops and livestock products","198","Slovenia","5510","Production","515","Apples","2018","2018","tonnes","86590"
"QCL","Crops and livestock products","198","Slovenia","5510","Production","515","Apples","2019","2019","tonnes","54270"
"QCL","Crops and livestock products","198","Slovenia","5510","Production","515","Apples","2020","2020","tonnes","66670"
"QCL","Crops and livestock products","202","South Africa","5510","Production","515","Apples","2016","2016","tonnes","916143"
"QCL","Crops and livestock products","202","South Africa","5510","Production","515","Apples","2017","2017","tonnes","929028"
"QCL","Crops and livestock products","202","South Africa","5510","Production","515","Apples","2018","2018","tonnes","829636"
"QCL","Crops and livestock products","202","South Africa","5510","Production","515","Apples","2019","2019","tonnes","891979"
"QCL","Crops and livestock products","202","South Africa","5510","Production","515","Apples","2020","2020","tonnes","992975"
"QCL","Crops and livestock products","203","Spain","5510","Production","515","Apples","2016","2016","tonnes","621164"
"QCL","Crops and livestock products","203","Spain","5510","Production","515","Apples","2017","2017","tonnes","587034"
"QCL","Crops and livestock products","203","Spain","5510","Production","515","Apples","2018","2018","tonnes","562960"
"QCL","Crops and livestock products","203","Spain","5510","Production","515","Apples","2019","2019","tonnes","638840"
"QCL","Crops and livestock products","203","Spain","5510","Production","515","Apples","2020","2020","tonnes","522100"
"QCL","Crops and livestock products","210","Sweden","5510","Production","515","Apples","2016","2016","tonnes","26280"
"QCL","Crops and livestock products","210","Sweden","5510","Production","515","Apples","2017","2017","tonnes","22130"
"QCL","Crops and livestock products","210","Sweden","5510","Production","515","Apples","2018","2018","tonnes","30610"
"QCL","Crops and livestock products","210","Sweden","5510","Production","515","Apples","2019","2019","tonnes","22210"
"QCL","Crops and livestock products","210","Sweden","5510","Production","515","Apples","2020","2020","tonnes","29360"
"QCL","Crops and livestock products","211","Switzerland","5510","Production","515","Apples","2016","2016","tonnes","227300"
"QCL","Crops and livestock products","211","Switzerland","5510","Production","515","Apples","2017","2017","tonnes","145864"
"QCL","Crops and livestock products","211","Switzerland","5510","Production","515","Apples","2018","2018","tonnes","296778"
"QCL","Crops and livestock products","211","Switzerland","5510","Production","515","Apples","2019","2019","tonnes","191435"
"QCL","Crops and livestock products","211","Switzerland","5510","Production","515","Apples","2020","2020","tonnes","192443"
"QCL","Crops and livestock products","212","Syrian Arab Republic","5510","Production","515","Apples","2016","2016","tonnes","451585"
"QCL","Crops and livestock products","212","Syrian Arab Republic","5510","Production","515","Apples","2017","2017","tonnes","308985"
"QCL","Crops and livestock products","212","Syrian Arab Republic","5510","Production","515","Apples","2018","2018","tonnes","476635"
"QCL","Crops and livestock products","212","Syrian Arab Republic","5510","Production","515","Apples","2019","2019","tonnes","286564"
"QCL","Crops and livestock products","212","Syrian Arab Republic","5510","Production","515","Apples","2020","2020","tonnes","267823"
"QCL","Crops and livestock products","208","Tajikistan","5510","Production","515","Apples","2016","2016","tonnes","230647"
"QCL","Crops and livestock products","208","Tajikistan","5510","Production","515","Apples","2017","2017","tonnes","234039"
"QCL","Crops and livestock products","208","Tajikistan","5510","Production","515","Apples","2018","2018","tonnes","238837"
"QCL","Crops and livestock products","208","Tajikistan","5510","Production","515","Apples","2019","2019","tonnes","234508"
"QCL","Crops and livestock products","208","Tajikistan","5510","Production","515","Apples","2020","2020","tonnes","235795"
"QCL","Crops and livestock products","222","Tunisia","5510","Production","515","Apples","2016","2016","tonnes","126000"
"QCL","Crops and livestock products","222","Tunisia","5510","Production","515","Apples","2017","2017","tonnes","98300"
"QCL","Crops and livestock products","222","Tunisia","5510","Production","515","Apples","2018","2018","tonnes","140000"
"QCL","Crops and livestock products","222","Tunisia","5510","Production","515","Apples","2019","2019","tonnes","116000"
"QCL","Crops and livestock products","222","Tunisia","5510","Production","515","Apples","2020","2020","tonnes","153000"
"QCL","Crops and livestock products","223","Turkey","5510","Production","515","Apples","2016","2016","tonnes","2925828"
"QCL","Crops and livestock products","223","Turkey","5510","Production","515","Apples","2017","2017","tonnes","3032164"
"QCL","Crops and livestock products","223","Turkey","5510","Production","515","Apples","2018","2018","tonnes","3625960"
"QCL","Crops and livestock products","223","Turkey","5510","Production","515","Apples","2019","2019","tonnes","3618752"
"QCL","Crops and livestock products","223","Turkey","5510","Production","515","Apples","2020","2020","tonnes","4300486"
"QCL","Crops and livestock products","213","Turkmenistan","5510","Production","515","Apples","2016","2016","tonnes","63200"
"QCL","Crops and livestock products","213","Turkmenistan","5510","Production","515","Apples","2017","2017","tonnes","63200"
"QCL","Crops and livestock products","213","Turkmenistan","5510","Production","515","Apples","2018","2018","tonnes","64018"
"QCL","Crops and livestock products","213","Turkmenistan","5510","Production","515","Apples","2019","2019","tonnes","66380"
"QCL","Crops and livestock products","213","Turkmenistan","5510","Production","515","Apples","2020","2020","tonnes","66257"
"QCL","Crops and livestock products","230","Ukraine","5510","Production","515","Apples","2016","2016","tonnes","1099240"
"QCL","Crops and livestock products","230","Ukraine","5510","Production","515","Apples","2017","2017","tonnes","1076180"
"QCL","Crops and livestock products","230","Ukraine","5510","Production","515","Apples","2018","2018","tonnes","1462360"
"QCL","Crops and livestock products","230","Ukraine","5510","Production","515","Apples","2019","2019","tonnes","1153970"
"QCL","Crops and livestock products","230","Ukraine","5510","Production","515","Apples","2020","2020","tonnes","1114570"
"QCL","Crops and livestock products","229","United Kingdom of Great Britain and Northern Ireland","5510","Production","515","Apples","2016","2016","tonnes","481100"
"QCL","Crops and livestock products","229","United Kingdom of Great Britain and Northern Ireland","5510","Production","515","Apples","2017","2017","tonnes","535300"
"QCL","Crops and livestock products","229","United Kingdom of Great Britain and Northern Ireland","5510","Production","515","Apples","2018","2018","tonnes","548721"
"QCL","Crops and livestock products","229","United Kingdom of Great Britain and Northern Ireland","5510","Production","515","Apples","2019","2019","tonnes","609180"
"QCL","Crops and livestock products","229","United Kingdom of Great Britain and Northern Ireland","5510","Production","515","Apples","2020","2020","tonnes","523331"
"QCL","Crops and livestock products","231","United States of America","5510","Production","515","Apples","2016","2016","tonnes","5214040"
"QCL","Crops and livestock products","231","United States of America","5510","Production","515","Apples","2017","2017","tonnes","5240670"
"QCL","Crops and livestock products","231","United States of America","5510","Production","515","Apples","2018","2018","tonnes","4644790"
"QCL","Crops and livestock products","231","United States of America","5510","Production","515","Apples","2019","2019","tonnes","5028526"
"QCL","Crops and livestock products","231","United States of America","5510","Production","515","Apples","2020","2020","tonnes","4650684"
"QCL","Crops and livestock products","234","Uruguay","5510","Production","515","Apples","2016","2016","tonnes","37675"
"QCL","Crops and livestock products","234","Uruguay","5510","Production","515","Apples","2017","2017","tonnes","45742"
"QCL","Crops and livestock products","234","Uruguay","5510","Production","515","Apples","2018","2018","tonnes","45881"
"QCL","Crops and livestock products","234","Uruguay","5510","Production","515","Apples","2019","2019","tonnes","42322"
"QCL","Crops and livestock products","234","Uruguay","5510","Production","515","Apples","2020","2020","tonnes","37039"
"QCL","Crops and livestock products","235","Uzbekistan","5510","Production","515","Apples","2016","2016","tonnes","1441566"
"QCL","Crops and livestock products","235","Uzbekistan","5510","Production","515","Apples","2017","2017","tonnes","1028796"
"QCL","Crops and livestock products","235","Uzbekistan","5510","Production","515","Apples","2018","2018","tonnes","1130335"
"QCL","Crops and livestock products","235","Uzbekistan","5510","Production","515","Apples","2019","2019","tonnes","1124017"
"QCL","Crops and livestock products","235","Uzbekistan","5510","Production","515","Apples","2020","2020","tonnes","1148455"
"QCL","Crops and livestock products","249","Yemen","5510","Production","515","Apples","2016","2016","tonnes","17362"
"QCL","Crops and livestock products","249","Yemen","5510","Production","515","Apples","2017","2017","tonnes","17011"
"QCL","Crops and livestock products","249","Yemen","5510","Production","515","Apples","2018","2018","tonnes","16706"
"QCL","Crops and livestock products","249","Yemen","5510","Production","515","Apples","2019","2019","tonnes","21946"
"QCL","Crops and livestock products","249","Yemen","5510","Production","515","Apples","2020","2020","tonnes","23650"
"QCL","Crops and livestock products","181","Zimbabwe","5510","Production","515","Apples","2016","2016","tonnes","6788"
"QCL","Crops and livestock products","181","Zimbabwe","5510","Production","515","Apples","2017","2017","tonnes","6787"
"QCL","Crops and livestock products","181","Zimbabwe","5510","Production","515","Apples","2018","2018","tonnes","6727"
"QCL","Crops and livestock products","181","Zimbabwe","5510","Production","515","Apples","2019","2019","tonnes","6725"
"QCL","Crops and livestock products","181","Zimbabwe","5510","Production","515","Apples","2020","2020","tonnes","6724"
